Title,Sold Date,Sold Price
New ListingVinyl Weight Set 100lb Barbell Weights Home Gym Fitness Equipment Adjustable,"Ended  Oct 1, 2019",$56.99
NEW GOLDS GYM Total-Body Training Home Gym Workout Fitness Equipment Exercise,"Ended  Oct 1, 2019",$31.74
 Kids Treadmill Exercise Toddler Fitness Equipment Manual Workout Home Gym,"Ended  Oct 1, 2019",$62.99
1100W Motorized Electric Treadmill Folding Running Gym Machine Cardio Equipment,"Ended  Oct 1, 2019",$174.90
Readaeer Ab Roller Wheel Abdominal Exercise For Home Gym Fitness Equipment,"Ended  Oct 1, 2019",$16.99
Power Guidance Ab Wheel    Push Up Bar  Exercise Home Gym Equipment For 6 Pack A,"Ended  Oct 1, 2019",$20.99
Valeo Ab Roller Wheel - Exercise Wheel For Home Gym - Fitness Equipment  Access,"Ended  Oct 1, 2019",$20.92
HOME GYM EQUIPMENT Total Body Fitness Workout Door Attached Resistance Bands,"Sold  Oct 1, 2019",$35.79
Ab Roller Dual Wheel - Exercise for Home Gym - Fitness Equipment & Accessories,"Sold  Oct 1, 2019",$6.08
948A Home Fitness Exercise Pull Rope Tube Resistance Elastic Equipment Yoga Gym,"Ended  Oct 1, 2019",$1.08 to $5.34
Gym Hand Gloves Grip Anti Skid Weight Lifting Crossfit Training Equipment,"Sold  Oct 1, 2019",$13.38
Ab Roller Wheel - Exercise Wheel for Home Gym - Fitness Equipment & Accessories,"Sold  Oct 1, 2019",$6.00
Weight Bench Barbell Lifting Press Gym Equipment Exercise  Adjustable Incline  ,"Sold  Oct 1, 2019",$65.99
Gymnastics Horizontal Bar Kids Blue Gym Training Bar Kids Gymnastics Bar Folding,"Sold  Oct 1, 2019",$0.01
Gym Equipment Multi Surface Sanitiser and Cleaner 1 Ltr - Kills 99.99% Germs,"Sold  Oct 1, 2019",$9.41
EXERCISE FLOOR MAT Fitness Foam Mats Tiles Puzzle Rug Pad Gym Workout Equipment,"Sold  Oct 1, 2019",$21.00
Adjustable Gymnastics Training Bar Horizontal Bar Gym Practice Purple Equipment,"Ended  Sep 30, 2019",$249.99
AB WHEEL ROLLER Home Gym Abdominal Core Exercise Fitness Abs Workout Equipment,"Sold  Sep 30, 2019",$16.96
Vinyl Weight Set 100lb Barbell Weights Home Gym Fitness Equipment Adjustable,"Sold  Sep 30, 2019",$56.96
Ab Cruncher Abdominal Trainer Fitness Machine Body Shaper Gym Exercise Equipment,"Sold  Sep 30, 2019",$48.90 to $128.95
Sit Up Core Abdominal Trainers Equipment Helper Portable Home Gym Workout marine,"Sold  Sep 30, 2019",$9.91
Bicycle Trainer Spin Bike Floor Mat Indoor Cycle Exercise Equipment Gym Flooring,"Sold  Sep 30, 2019",$30.35 to $33.05
Yoga Headstand Chair Inversion Bench Headstand Home Gym Fitness Equipment Black,"Sold  Sep 30, 2019",$35.99
Home Gym Abs Equipment Exercise Body Fitness Abdominal Training Workout Machine,"Sold  Sep 30, 2019",$19.99
160036 GYM Fitness Center OPEN Equipment Display LED Light Sign,"Ended  Sep 30, 2019",$7.99
65cm Purple Yoga Ball Stability Pilates Ball Fitness Equipment Exercise Gym Ball,"Sold  Sep 30, 2019",$507.99
Gym Equipment Resistance Mini Band Strength Training Latex Fitness 4 Level,"Sold  Sep 30, 2019",$8.35
70*90cm Black Durable Mesh Drawstring Gym Sports Equipment Large Mesh Net Bag,"Sold  Sep 30, 2019",$0.99
20FT Airtrack Inflatable Air Track Floor Home Gymnastics Tumbling Mat GYM + Pump,"Sold  Sep 30, 2019",$19.99 to $309.98
Pink Motorized Electric Treadmill Folding Running Gym Machine Cardio Equipment,"Sold  Sep 30, 2019",$181.90
Olympic Dumbbell Rack Gym Plates Stand Fitness Equipment Weight Lifting Storage,"Sold  Sep 30, 2019",$84.26
2018 Hot Gym Fitness Equipment Strength Training Latex Elastic Resistance Bands ,"Sold  Sep 30, 2019",$3.82
"4.5""/115MM Universal Nylon Bearing Pulley Wheel Cable Gym Fitness Equipment Part","Sold  Sep 30, 2019",$4.98
Magnetic Elliptical Machine Trainer Fitness Exercise Equipment Home Gym Workout,"Sold  Sep 30, 2019",$249.99
Schwinn SC7 Exercise Fitness Bike INDOOR CYCLING Gym Equipment CYCLE CARDIO Abs,"Sold  Sep 30, 2019",$795.00
Heavy Duty Folding Mat Thick Foam Fitness Exercise Gymnastics Panel Gym Workout,"Sold  Sep 30, 2019",$31.97
Total Gym Exercise Equipment Body Weight Strength Trainer Home Fitness Machines,"Sold  Sep 30, 2019",$154.95
500Lb Dip Bar Station Stand Standing Pull Up Exercise Machine Equipment Home Gym,"Sold  Sep 30, 2019",$83.61
10FT Airtrack Inflatable Air Track Tumbling Gymnastic Mat Train Gym Yoga + Pump,"Sold  Sep 30, 2019",$113.99
"Titan Fitness EZ Curl Bar for Strength Training, Home Gym Equipment, 47”","Sold  Sep 30, 2019",$49.99
AB WHEEL ROLLER Home Gym Abdominal Core Exercise Fitness Abs Workout Equipment  ,"Sold  Sep 30, 2019",$22.13 to $23.13
Gym Equipment Resistance Mini Band Strength Training Equipments Latex Fitness 1X,"Sold  Sep 30, 2019",$1.00 to $6.35
Commercial Gym Equipment Complete Package Over 400 Pieces,"Ended  Sep 30, 2019","$52,500.00"
Gym System Strength Training Workout Equipment Home Exercise Training Machine ,"Sold  Sep 30, 2019",$345.55
Push up Stands Handles Bars Home Gym Fitness Exercise Equipment ,"Sold  Sep 30, 2019",$8.99
Zhezhera Tiger Paws gloves Wrists Supports Wraps Panda Paws gym band M Black,"Sold  Sep 30, 2019",$27.00
Flat Exercise Weight Lifting Bench Press Workout Equipment Fitness Home Gym Set,"Sold  Sep 30, 2019",$39.99
Gymnastics Horizontal Bar Kids Blue Gym Training   Bar Kids Gymnastics Bar,"Sold  Sep 30, 2019",$65.95
Gym Dance Ribbon Rhythmic Art Gymnastic Streamer Baton Twirling Rod Stick 4M,"Sold  Sep 30, 2019",$2.45
Arm Whist Fitness Equipment Force Strength Training Gym Home Exercise 8-Shape A,"Sold  Sep 30, 2019",$18.04
Fitness Equipment For Kids Treadmill Exercise Toddler Manual Workout Home Gym,"Ended  Sep 30, 2019",$48.99
Pilates Power Gym Pro Exercise Equipment,"Ended  Sep 30, 2019",$48.00
Crossfit Leather Grips Gymnastic Palm Protectors Hand Guards Gym Gloves Pull up ,"Sold  Sep 30, 2019",$2.45 to $3.56
"Olympic Super Curl Bar 48"" Home Gym Strength Training Exercise Equipment NEW","Sold  Sep 30, 2019",$49.95
Adjustable Gym Horizontal Bar Kids Gymnastics Training Kip Bars Home Play ,"Sold  Sep 30, 2019",$89.00
Compact & Powerful Total Body Vibration Platform Perfect Home Gym Equipment,"Sold  Sep 30, 2019",$99.99
Airtrack Inflatable Air Track Tumbling Gymnastic Mat Train Gym Floor Home + Pump,"Sold  Sep 30, 2019",$23.98 to $288.99
Exercise Floor Mat Fitness Foam Mats Tiles Puzzle Rug Pad Gym Workout Equipment,"Sold  Sep 30, 2019",$17.99
Exercise Floor Mat Fitness Foam Mats Tiles Puzzle Rug Pad Gym Workout Equipment,"Sold  Sep 30, 2019",$18.29
bearing pulley 90mm wearproof wheel cable gym universal fitness equipment partS*,"Sold  Sep 30, 2019",$4.16
Paramount MP 2.5 series Gym equipment ( includes all 500 pounds of weight stacks,"Ended  Sep 30, 2019","$3,700.00"
VTG 90's B.U.M Equipment Canvas Duffle Gym Carry On Bag Blue Embroidered B.U.M.,"Ended  Sep 30, 2019",$27.40
Pro Gym Attachments Machine Equipment Accessories Press Down Tricep Rope Bar,"Ended  Sep 30, 2019",$49.98
Pro Gym Attachments Cable Equipment Accessories Press Down Tricep Rope Bar,"Ended  Sep 30, 2019",$50.00
Pro Gym Attachments Machine Equipment Accessories PressDown Tricep Rope Bar,"Ended  Sep 30, 2019",$49.99
Gym Attachment Machine Equipment Accessories Press Down Tricep Rope Bar,"Ended  Sep 30, 2019",$50.02
Weider Smith Machine Cage Bench Squat Rack Exercise Equipment Home Gym Pro 8500 ,"Sold  Sep 30, 2019",$729.00
Les Mills Smartbar Barbell Bar Weight Set Pro Gym Equipment BodyPump (Save $100),"Sold  Sep 30, 2019",$292.95
Total Gym 1100 Weight Exercise Equipment Trainer Strength Body Resistance Home,"Sold  Sep 30, 2019",$148.99
Hylete Bag Gym Equipment Backpack Duffel Combo 6in1 MultiPurpose Extendable 60L,"Ended  Sep 30, 2019",$50.00
Les Mills Smartbar Barbell Bar Weight Set Pro Gym Equipment BodyPump (Save $100),"Sold  Sep 30, 2019",$292.95
1/6 dumbbell set Gym scene Equipment for muscle body Phicen M30 M34 Hot Toys ,"Sold  Sep 30, 2019",$29.99
NEW GOLDS GYM Total-Body Training Home Gym Workout Fitness Equipment Exercise,"Sold  Sep 30, 2019",$34.99
13FT Airtrack Inflatable Air Track Floor Home Gymnastics Tumbling Mat GYM,"Sold  Sep 30, 2019",$160.90
Wall Mounted Pull Up Bar Chin up Station Home Gym Exercise Workout Equipment US,"Sold  Sep 30, 2019",$20.99
Home Gym Weight Workout Machine Strength Training Fitness Exercise Equipment ,"Sold  Sep 30, 2019",$272.00
Wire Skipping Jump Rope Boxing Fitness Sport Gym Exercise Equipment,"Sold  Sep 30, 2019",$2.34
Olympic Dumbbell Rack Gym Plates Stand Fitness Equipment Weight Lifting Storage,"Sold  Sep 30, 2019",$100.99
Inflatable 120x60cm PVC Gymnastics GYM Air Mat Barrel Track Roller Cylinder ,"Sold  Sep 30, 2019",$30.28 to $57.71
bearing pulley 90mm wearproof wheel cable gym universal fitness equipment partSU,"Sold  Sep 30, 2019",$4.05
6'x2' Exercise Non-Slip Tri-Fold Thick Foam Gym Mat For Gymnastics Yoga Fitness ,"Sold  Sep 30, 2019",$27.97 to $31.98
110V 200W Brown Electric Horse Rider Gym  Exercise Equipment Train all Muscles,"Ended  Sep 29, 2019",$455.00
NEW GoFit Ultimate Pro Gym Set Portable Fitness Equipment W/DVD Resistance Bands,"Sold  Sep 29, 2019",$24.99
Home Gym Weight Workout Machine Strength Training Fitness Exercise Equipment NEW,"Sold  Sep 29, 2019",$237.95
26ft Airtrack Inflatable Air Track Gymnastics Tumbling Mat Floor Home GYM,"Sold  Sep 29, 2019",$246.99
26FT Airtrack Inflatable Air Track Floor Mat Home Gymnastics Tumbling Yoga Gym,"Ended  Sep 29, 2019",$249.99
Jump Rope Speed Skipping Crossfit Workout Gym Aerobic Exercise Boxing Equipment,"Sold  Sep 29, 2019",$6.99
Baltimore Colts Jim Mutscheller Alumni Equipment Bag Gym Football NFL,"Ended  Sep 29, 2019",$300.00
EPP Hollow Yoga Foam Roller Massage Gym Yoga Exercise Fitness Equipment- DR,"Sold  Sep 29, 2019",$2.26
Gym Fitness Equipment Tricep Biceps Rope Strength Training Bodybuilding Exercise,"Sold  Sep 29, 2019",$16.50
90mm black bearing pulley wheel cable gym equipment part wearproof QP,"Sold  Sep 29, 2019",$7.39
Ab Cruncher Abdominal Trainer Fitness Machine Body Shaper Gym Exercise Equipment,"Sold  Sep 29, 2019",$39.89
15” Balance Board For Home Gym Standing Desk Physical Therapy Exercise Equipment,"Sold  Sep 29, 2019",$19.99
160036 GYM Fitness Center OPEN Equipment Display LED Light Sign,"Ended  Sep 29, 2019",$7.99
Elliptical Exercise Indoor Fitness Trainer Workout Machine Gym Cardio Equipment,"Sold  Sep 29, 2019",$148.65
59'' x 26'' Exercise Equipment Mat Gym Bike Floor Protector Treadmill Mat PVC,"Sold  Sep 29, 2019",$19.99
Fitness Bench With Weight Set 100lb Gym Barbell Equipment Exercise Home Workout,"Sold  Sep 29, 2019",$104.99
Horizontal Bar Training Bars Wall Mount Pull Up Exercise Equipment Home Gym,"Sold  Sep 29, 2019",$24.69
4pcs 90mm Bearing Pulley Wheel For Cable Gym Fitness Training Exercise Equipment,"Sold  Sep 29, 2019",$11.39
Suzanne Somers EZ Gym Portable Fitness Exercise Workout Equipment Door Wall NIB,"Sold  Sep 29, 2019",$69.99
NIKE Men's Vapor 2.0 Gym Sack BA5250 Equipment Bag Gymsack workout bag,"Ended  Sep 29, 2019",$8.30
Stirrup Handle Cable Attachment -Adjustable Nylon Gym Fitness Exercise Equipment,"Sold  Sep 29, 2019",$25.00
"Olympic Super Curl Bar 48"" Home Gym Strength Training Exercise Equipment NEW","Sold  Sep 29, 2019",$46.81
2x Gliding Discs Core Sliders Dual Sided Disc Workout Abs Gym Fitness Equipment,"Sold  Sep 29, 2019",$8.27
1*90mm Black Bearing Pulley Wheel Cable Gym Equipment Part Wearproof gym kitNIU,"Sold  Sep 29, 2019",$7.09
1pc 90mm Black Bearing Pulley Wheel Cable Gym Equipment Part Wearproof gymS!,"Sold  Sep 29, 2019",$3.15
EPP Hollow Yoga Foam Roller Massage Gym Yoga Exercise Fitness Equipment-  RHC,"Sold  Sep 29, 2019",$2.24
Push Up Exerciser Stand System Best Ripped Chest Home Fitness Gym Equipment Deck,"Sold  Sep 29, 2019",$99.00
Home Gym Elliptical Machine Air Walker Trainer Cardio Fitness Equipment With LCD,"Ended  Sep 29, 2019",$97.99
Gym Fitness Forearm No Deformation Grip Sports Equipment Hand-muscle Developer,"Sold  Sep 29, 2019",$13.19
EPP Hollow Yoga Foam Roller Massage Gym Yoga Exercise Fitness Equipment- T lc,"Sold  Sep 29, 2019",$2.32
US Army Strong ACU Camo Gym Workout Bag Shoes Equipment,"Sold  Sep 29, 2019",$10.99
Exercise Equipment Golds Gym Power Tower Home Fitness Health Strength Workout,"Sold  Sep 29, 2019",$149.95
bearing pulley 90mm wearproof wheel cable gym universal fitness equipment partSM,"Sold  Sep 29, 2019",$4.03
Total Gym Exercise Equipment Body Weight Strength Trainer Home Fitness Machine,"Sold  Sep 29, 2019",$148.87
Gymnastics Bar with Gym Mat Adjustable Horizontal Training Bar Kids Sports Home,"Sold  Sep 29, 2019",$189.99 to $299.99
100x85CM Pink Inflatable PVC Gymnastics Home GYM Air Mat Barrel Track Roller USA,"Sold  Sep 29, 2019",$59.81
Exercise Floor Mat Fitness Foam Mats Tiles Puzzle Rug Pad Gym Workout Equipment ,"Sold  Sep 29, 2019",$28.99
Ladies Leg Exerciser Thigh Toner Butt Arm Trimmer Home Gym Fitness Equipments,"Sold  Sep 29, 2019",$8.25
"47” EZ Curl Bar Strength Training, Home Gym Equipment,Cross Weight Lifting","Sold  Sep 29, 2019",$45.99
Gymnastic Bar Adjustable Kids Training Horizontal Kip Bars Sport Gym Equipment,"Sold  Sep 29, 2019",$179.99
Folding Gymnastics Balance Beam Horizontal Home Gym Training Balance Beam New MY,"Sold  Sep 29, 2019",$22.76
Titan Seated Calf Raise Machine Home Gym Strength Training Equipment,"Sold  Sep 29, 2019",$140.99
Gym Equipment Multi Surface Sanitiser and Cleaner 500ml - Kills 99.99% Germs,"Sold  Sep 29, 2019",$7.75
Latex Elastic Resistance Band Pilates Pull Rope Tube Yoga Gym Fitness Equipment,"Ended  Sep 29, 2019",$6.64
Gym System Strength Training Workout Equipment Home Exercise Machine Resistance,"Sold  Sep 29, 2019",$321.92
Crossflex Gym Trainer Fitness Abdominal Equipment Body Commercial Exercise Tool,"Sold  Sep 29, 2019",$21.61
79''’x40'' EVA Exercise Equipment Treadmill Fitness Mat Gym Bike Protect  ,"Sold  Sep 29, 2019",$30.16
2'x5'Exercise Non-Slip Tri-Fold Thick Foam Gym Mat For Gymnastics Yoga Fitness,"Sold  Sep 29, 2019",$24.99
"3.5""/90mm Universal Bearing Pulley Wheel Cable Gym Fitness Equipment Part BlackA","Ended  Sep 29, 2019",$3.13
Yoga Block Foam Brick Stretching Aid  For Home Gym Pilates Exercise Equipment,"Ended  Sep 29, 2019",$6.64
Professional Head Neck Weight Bearing Strength For Home Gym Training Equipments,"Sold  Sep 29, 2019",$30.39
Elastic Latex Resistance Band Pilates Tube Pull Rope Gym Yoga Fitness Equipment,"Ended  Sep 29, 2019",$6.64
Non Slip Foldable Pvc Thick Yoga Mats For Home Gym Fitness Exercise Equipments,"Ended  Sep 29, 2019",$32.29 to $37.04
Abs Yoga Wheel Magic Circle Ring For Gym Exercise Workout Pilates Equipments,"Ended  Sep 29, 2019",$39.89 to $40.84
Anti Burst Yoga Balls Peanut Shaped For Home Gym Fitness Exercise Equipments,"Ended  Sep 29, 2019",$28.49 to $34.19
3mm Spring Clamp Collar Clips For Weight Bar Dumbbells Gym Fitness Equipment,"Sold  Sep 29, 2019",$1.90
Double Wheel Ab Roller-Pull Rope Waist Abdominal Slimming Gym Fitness Equipment,"Sold  Sep 29, 2019",$15.85
ELLIPTICAL EXERCISE INDOOR Fitness Trainer Workout Machine Gym Cardio Equipment,"Sold  Sep 28, 2019",$124.95
Adjustable Gym Horizontal Bar Kids Gymnastics Training Kip Bars Home Play Pink,"Sold  Sep 28, 2019",$46.00
4Pcs 95mm Universal Bearing Pulley Wheel Cable Gym Equipment Part Wearproof Tool,"Sold  Sep 28, 2019",$10.06
"Pacific Coast 30"" Large Rolling Duffel Bag Gym Bag, Travel Bag,Golf Equipment","Ended  Sep 28, 2019",$65.00
9HORN Push up Handles Bars Stands Home Gym Fitness Exercise Equipment Foam Grips,"Sold  Sep 28, 2019",$10.95
21.8 inch Home Gym Chin/Pull Up Bar Doorway Exercise Strength Fitness Equip ment,"Sold  Sep 28, 2019",$0.01
"Ader Rubber Gym Equipment Mat- 1/2"" X 4' X 6'","Sold  Sep 28, 2019",$75.00
Golds Gym Incline Bench Press Workout Exercise Home Equipment Sit-up Machine,"Sold  Sep 28, 2019",$55.02
Elastic Weight Lifting Wrist Brace Wraps Support Training Fitness Gym Equipment,"Sold  Sep 28, 2019",$3.28
"Cybex Gym Equipment Lot 30pc - Tread Mills, Weights, etc Lightly Used (~1 year) ","Ended  Sep 28, 2019","$25,000.00"
Ab Roller Dual Wheel Abdominal Stomach Exercise Fitness Gym Equipment + Knee Pad,"Sold  Sep 28, 2019",$13.96
2pcs 95mm Universal Bearing Pulley Wheel Cable Gym Equipment Part Wearproof Tool,"Sold  Sep 28, 2019",$10.26
Climbing Mini Stepper Cardio Exercise Workout Stair Machine Home Gym Equipment,"Sold  Sep 28, 2019",$99.99
Rubber Gym Floor Mat Foam Flooring Exercise Workout Fitness Equipment EVA LOT VP,"Sold  Sep 28, 2019",$14.99 to $20.99
ELLIPTICAL EXERCISE INDOOR Fitness Trainer Workout Machine Gym Cardio Equipment,"Sold  Sep 28, 2019",$128.99
Gymnastic Bar Adjustable Kids Training Horizontal Kip Bars Sport Gym Equipment,"Sold  Sep 28, 2019",$155.00
Men Women Abdominal Ab Exercise Wheel Roller Home Gym Fitness Equipment Exercise,"Sold  Sep 28, 2019",$16.35 to $17.85
5pcs Gym Equipment Resistance Bands Strength Training Latex Mini Yoga Bands,"Sold  Sep 28, 2019",$8.59
"1 Tub of 8""x 6"" Flex Wipes 800 ct ea roll Gym Disinfectant Fitness Equipment","Sold  Sep 28, 2019",$47.99
Olympic Dumbbell Rack Gym Plates Stand Fitness Equipment Weight Lifting Storage,"Sold  Sep 28, 2019",$87.65
Fusion - Silicone Grip and Wrap Tape for Sports and Gym Equipment,"Sold  Sep 28, 2019",$10.95
Body-Solid SCB26 Calf Raise / Raised Heel Squat Block Home Gym Fitness Equipment,"Sold  Sep 28, 2019",$95.00
Latex Elastic Resistance Band Pilates Tube Pull Rope Gym Yoga Fitness Equipment,"Sold  Sep 28, 2019",$12.19
Bicycle Trainer Spin Bike Floor Mat Indoor Cycle Exercise Equipment Gym Flooring,"Sold  Sep 28, 2019",$36.90 to $38.90
Weight Exercise Belt Fitness Power Weight Lifting Body Building Equipment Gym,"Sold  Sep 28, 2019",$13.53 to $14.61
Foldable Exercise Bike Pedal Home Fitness Cardio Equipment Arms Legs Gym Bicycle,"Sold  Sep 28, 2019",$27.99
Vinyl Weight Set 100lb Barbell Weights Home Gym Fitness Equipment Adjustable ,"Sold  Sep 28, 2019",$53.99
Ninja Warrior Training Equipment Obstacle Course Gym Sports Game For Kid Adult,"Sold  Sep 28, 2019",$77.17
Squat Rack Stand Workout GYM Power Rack Weight Lifting Home Fitness Equipment,"Sold  Sep 28, 2019",$52.99
New Vertical step Climber Machine Exercise Equipment Stepper Cardio Fitness Gym,"Sold  Sep 28, 2019",$89.99
body solid gym equipment great shape,"Ended  Sep 28, 2019",$1.00
New MaxiClimber Total Body Workout Home Gym Exercise Equipment Vertical Climber,"Sold  Sep 28, 2019",$249.99
Wonder Core Smart Body Fitness Equipment Machine Home Gym Exercise Trainer,"Ended  Sep 28, 2019",$25.00
Waist Sit ups Assistant Healthy Fitness Equipment Gym Training Belly Sport Goods,"Sold  Sep 28, 2019",$16.99
Fitness gym equipment . 12 machines for circuit training,"Ended  Sep 28, 2019",$750.00
Fitness Bench With Weight Set 140lb Gym Barbell Equipment Exercise Home Workout,"Sold  Sep 28, 2019",$128.95
Resistance Loop Bands Elastic Band Equipment Gum for Gym Fitness Training LOT,"Sold  Sep 28, 2019",$5.73 to $71.03
Personalised gym equipment fitness workout weights cake topper decoration,"Sold  Sep 28, 2019",$14.79
Total Gym Exercise Equipment Body Weight Strength Trainer Home Fitness Machines,"Sold  Sep 28, 2019",$155.95
Abdominal Roller Wheel For Stomach Exercise Fitness Gym Equipment With Knee Pad,"Ended  Sep 28, 2019",$22.79
Adjustable Aluminum Weight Lifting Arm Blaster For Gym Body Building Equipments,"Ended  Sep 28, 2019",$37.04
GYM EQUIPMENT PACKAGE FULL GYM,"Ended  Sep 28, 2019","$29,725.00"
Large Tpr Roller Wheel Abdominal Stomach For Exercise Fitness Gym Equipments,"Ended  Sep 28, 2019",$27.54
208cm Elastic Latex Yoga Exercise Resistance Band Fitness Gym Equipment Enjoy,"Sold  Sep 28, 2019",$4.71 to $15.65
9HORN Push up Handles Bars Stands Home Gym Fitness Exercise Equipment Foa... New,"Sold  Sep 28, 2019",$17.99
Apple AirPod & Wired Earphone - Ear Hooks A1- Solution for Gym Sports + Running ,"Sold  Sep 28, 2019",$4.00 to $8.56
1x Wire Skipping Adjustable Jump Rope Fitness Sport Gym Exercise Equipment Tool,"Sold  Sep 28, 2019",$2.17
4M Dance Gym Ribbon Rhythmic Art Gymnastic Streamer Baton Twirling Rod Stick,"Sold  Sep 28, 2019",$2.17
Exercise Stepper Machine Air Stair Climber Home Aerobic Fitness Gym Equipment,"Ended  Sep 27, 2019",$43.11
Home Gyms Exercise Equipment Machine Leg Curl Extension Bench For Arm Bicep,"Sold  Sep 27, 2019",$116.15
Foldable AB Cruncher Abdominal Trainer Glider Machine Fitness Home Gym Equipment,"Sold  Sep 27, 2019",$46.99
3' X 6' FLOOR MAT Fitness Workout Exercise Rug Home Gym Machine Equipment ,"Sold  Sep 27, 2019",$35.00
Cross Treadmill Gym Equipment For Sale Brand New  Ellipticals,"Ended  Sep 27, 2019",$200.00
Push Up Handles Bars Stands Home Gym Fitness Exercise Equipment With Foam Grips,"Ended  Sep 27, 2019",$19.94
Mailbox Tumbling Trainer for Kids Tumbling Aid Jumping Box at Home Exercise Gym,"Sold  Sep 27, 2019",$69.99
12 lb. Weight Vest Training Workout Fitness Exercise Strength Home Gym Equipment,"Sold  Sep 27, 2019",$24.90
Home Gym Equipment Leg Curl Machine Bicep Weight Bench Combo Extension Workout,"Sold  Sep 27, 2019",$161.03
Sport Yoga Balls Bola Pilates Fitness Gym Balance Exercise Workout Equipments,"Ended  Sep 27, 2019",$16.14 to $33.24
Gymnastics Thicken Bars Horizontal Adjustable Equipment Home Gym Training Bar,"Ended  Sep 27, 2019",$186.99
20FT Air Track Inflatable Gymnastics Tumbling Mat GYM Yoga Airtrack Floor Home,"Sold  Sep 27, 2019",$215.99
Foldable Fitness Equipment Sit-up Bench ABK Crossfit Gym Training Home Excercise,"Sold  Sep 27, 2019",$37.79
"70''/79"" Exercise Equipment Mat Gym Bike Floor Protector Treadmill Mat PVC Black","Sold  Sep 27, 2019",$24.43 to $27.25
